id,full_link,author,title,self_text,num_comments,score
t5ag6l,https://www.reddit.com/r/conspiracy/comments/t5ag6l/should_it_be_fair_for_klaus_schwaub_and_bill/,VitaminD3goodforyou,Should it be fair for Klaus Schwaub and Bill Gates to have the exact same living quarters as everybody else when everyone is forced to live in commune style open FEMA tent community compound facility where in the future you own nothing and be happy?,"Well should it?
Shouldn't they lead by example?
Live just like you in some camp tent, cot bed, clam chowder soup lines?
For the planet...and polar bear wombats.",10,17
t0pozz,https://www.reddit.com/r/conspiracy/comments/t0pozz/found_a_glitch_in_the_matrix/,absolutelynotright,Found a glitch in the matrix,"&#x200B;

https://preview.redd.it/b3zqgc63hvj81.png?width=1410&format=png&auto=webp&s=941a7d2c2e7b684b382a1a8eeddc391d942e914d",13,21
t2l9tc,https://www.reddit.com/r/conspiracy/comments/t2l9tc/if_dr_fauci_is_really_dead_does_that_explain_why/,VitaminD3goodforyou,"If Dr. Fauci is really dead, does that explain why Senators won't go after him in lawsuits anymore, if he took the vaccines and did him in was it some stroke heart attack blood clot that he passed away from?","All he has to do is go on State Run TV and give his opinion on today's current events about staying healthy get more jabs or yell at Rand Paul on Russia Ukraine bio-labs or something.

The off circumstance is the Senate that were planning to charge him for lying to Congress etc just dropped poof nothing like not important anymore.

Do they know something that they won't tell the public about Fauci possibly pushing daisies already?

Like that one nurse that dropped dead on air and horrid double.

Maybe Fauci body double refused, even they couldn't do that.

Weird.",14,0
t2dsja,https://www.effedieffe.com/index.php?option=com_content&task=view&id=64056,Inlovewithmysidechik,Article from 2009 describing ukraine labs producing swine flu vaccine thats actually a bioweapon.,,30,16
t3ymuw,https://i.redd.it/va2uanig3pk81.jpg,Apprehensive-Most973,Tinder swindler Episode 1 6:40. Watch closely,,7,1
t2fx88,https://i.redd.it/n3cgx3ic0bk81.jpg,FutureisAsian,Coz the masses are utterly brainwashed…,,33,977
t34zve,https://www.youtube.com/watch?v=FZ5aQmjXkHQ,Kehnoxz,Top 7 Mysterious UFO Caught on Camera youtube,,2,1
t1snu1,https://www.reddit.com/r/conspiracy/comments/t1snu1/czech_and_slovak_governments_proceed_to_block/,SeansBeard,"Czech and Slovak governments proceed to block ""disinformation"" and ""hybrid threat"" websites.","For weeks the discussion about hate speech and violence was ramping up in CZ/SK. It was obvious there was momentum building for crackdown on certain websites - through supposed animosity towards doctors and politicians. With war in Ukraine, the whole thing accelerated and there are already websites being closed down today. It wont take too long before we have Putin-like measures in place without a single russian soldier setting foot into our countries.",2,6
t204uj,https://i.redd.it/hfefzhqs87k81.jpg,Responsible_Handle96,Science and history will never be looked at the same again after these last couple years,,33,594
t26lje,https://www.reddit.com/r/conspiracy/comments/t26lje/does_this_war_seem_off_to_anyone_else/,SpiderImAlright,"Does this ""war"" seem off to anyone else?","I have no idea what's going on but this whole thing seems extremely bizarre. If I'm to understand things correctly, Russia is laying siege to Ukraine but is leaving all of the communication infrastructure and electricity online? Everyone in Kyiv still has high-speed internet? All cell towers seem to be functioning fine. This is the strangest invasion I've ever heard of.

Mounds of fake hero stories/propaganda that came and got debunked within 36 hours, e.g. Snake Island, Ghost Of Kyiv, ""Russian Tank"".. all nonsense. 

The only thing I've seen evidence of is:

1. Some explosions and smoke
2. People in Ukraine freaking out

I haven't seen any convincing video of battle. I've seen far more scenes of war in the past from areas without electricity/high-speed internet where no one has a 4K camera cellphone. People calling for a no fly-zone but is there any evidence of Russian airforce operating in the country?

I'd guess this is just the CIA fucking around but there's video of Putin saying he's invading. I guess I could go mega tinfoil hat and suspect it's a deep-fake but I honestly have no idea. This whole situation just seems like bs. It's setting off my spidey-senses big time. Maybe I'm wrong but this invasion seems fake.

**Edit**: To the pro-war shills who are claiming I'm a pro-Russian shill: How would it make any sense for me to be skeptical of the situation given Putin said himself on live TV he was going to invade? Why would a supposed pro-Russian shill (me) claim the invasion isn't real and Putin is lying? I think you need to ask your manager for new narrative material because this reply doesn't make sense.",1493,1310
t4nsaa,https://www.reddit.com/r/conspiracy/comments/t4nsaa/so_seriously_is_covid_over_my_hyperactive_liberal/,SirSnails417,"So seriously, is covid over? My hyperactive liberal friends have quote ""other things to worry about because enough people were vaxxd so they feel safe""","So, my hospital fired 30 employees in mid January for not getting the vaxxine. My charge nurse who has been the police of the policy has of a week ago. Not been wearing her mask. Slowly the staff has begun to take them off without any trouble. Now the majority doesn't wear them. Wtf, are we just gonna let this fall into obscurity? No! You call put these people who called for your arrest. This is insanity, im never gonna forgive what they Did i for over 2 years.",125,463
t5b8nr,https://www.youtube.com/watch?v=4nId1pOfU54,4esterField,"Robert Welsh, founder of the John Birch Society, speaks in 1974.",,13,17
t02jej,https://www.reddit.com/r/conspiracy/comments/t02jej/friendly_reminder_the_cia_accurately_was_warning/,norwalkiian,Friendly reminder: the CIA accurately was warning that Russia wanted to invade Ukraine at least a week ago,"Anyone who claimed that the CIA was telling the truth about Putin's intentions was dismissed as a ""shill.""

Whoopsie daisy.",126,71
t49eh0,https://i.redd.it/ejjeikdnask81.png,ChildrensHealthDef,CONVOY UPDATE — Day 7: Tune in LIVE for the latest updates every day @ 7am PT // 10am ET #ThankATrucker #LetFreedomRoll ⏯️http://bit.ly/3v8WIkc Only on #CHDTV,,2,1
t2qrqi,https://i.redd.it/memxpji6bek81.jpg,Horris96,Anyone know anything about the UN Security Council painting,,5,2
t0bea0,https://www.reddit.com/r/conspiracy/comments/t0bea0/the_war_between_russia_and_ukraine_is_the_test_of/,Background-Chart-953,The war between Russia and Ukraine is the test of the blue beam tech.,"Just imagine if it is the final training of blue beam technology and after this training finished aliens attack will happen on earth in the full scale. 

What do you think?",14,5
t43we0,https://www.reddit.com/r/conspiracy/comments/t43we0/american_democrats_are_controlling_the_media_still/,ightimmaheadout1,American democrats are controlling the media still.,Why am I seeing more coverage from this war in Ukraine than I ever did about going to Afghanistan and Iraq. Definitely more coverage than when Joe Biden removed the troops from Afghanistan and Iraq and then put them back in to be killed,13,0
t3pkhk,https://youtu.be/PJ-Ebk9ypoQ,MaxwellHillbilly,"The Alien, Bigfoot and Time Traveler all in one interview.",,4,2
t3el7s,https://www.reddit.com/r/conspiracy/comments/t3el7s/putin_is_a_street_thug_since_his_very_first_years/,DacoMaximus,Putin is a street thug since his very first years as KGB officer (the guy on the left),"&#x200B;

https://preview.redd.it/pk23374tikk81.jpg?width=666&format=pjpg&auto=webp&s=d219c598cb66b5e2036d999813493f05c052572b",13,3
t00org,https://www.reddit.com/r/conspiracy/comments/t00org/crypto_currency_is_not_your_friend/,ReceptionCreepy,Crypto currency is not your friend,"Who else has a theory that crypto currency is being marketed deliberately as taboo or as a ""fuck big brother"" tool to drive the masses to use it? I've been reading a lot online about the WEF and Klaus Schwab and his interest in digital currency. I think the turbulence in Canada has been a real life experiment on how they could get people to protest and of course like any organized movement people tend to donate to their respective cause. Once they slapped the terrorist label on them and confiscated their bank accounts I almost guarantee people will be more obliged to turn to digitalizing their money in order to have this false sense of security and control over it. But who besides Trudeau does Schwab also have in his back pocket? Bill Gates. People have this idea that crypto is unhackable and completely controlled by the people for the people, but why couldn't the fucking creator himself Bill Gates not be able to ""hack"" into this and use it to their full advantage? Just some thoughts...",24,21
t1rnue,https://www.reddit.com/r/conspiracy/comments/t1rnue/is_5g_the_warped_version_of_nicolai_teslas/,VitaminD3goodforyou,Is 5G the warped version of Nicolai Tesla's missing files that the government kept that created those 5G zapping towers?,"When Nicolai Tesla died, the Gov people took all his plans and writings. 80 counts and only gave back 60 counts. Could the missing 20 they kept is why we have 5G zap you for?",4,2
t3f022,https://www.reddit.com/r/conspiracy/comments/t3f022/a_fake_trump_meme_has_1300_upvotes_on_this_sub/,3lhanan,"A fake Trump meme has 1,300 upvotes on this sub.?. LMFAO!!!","https://i.redd.it/0805u5hqyhk81.jpg

Edit: I was wrong. Trump did actually READ this, very slowly, from a teleprompter.
https://www.youtube.com/watch?v=xuUBvZefPhU",23,0
t43z1w,https://www.sportbible.com/football/turkish-footballer-aykut-demir-refuses-to-wear-no-to-war-tshirt-20220228?source=facebook&fbclid=IwAR0xXQUP69PsUGCnwLsSGUZqf2MtKBFp1S3iZpxe_4LI9zGkDAEOfwMpMxw,WALLSTREET_HATER,Atleast someone pointing out the hypocrisy.,,2,2
szybhh,https://www.reddit.com/r/conspiracy/comments/szybhh/when_will_bilderberg_biden_kamala_trudeau_klans/,VitaminD3goodforyou,"When will Bilderberg Biden Kamala Trudeau klans claim ""Emergency"" from Russia Ukraine boogieman crisis to seize American's firearms and throw everyone into camps?","You know never let a crisis go to waste and using a war to seize Americans guns is an ingenious way to sneak that in during a declared ""emergency"".

When will they do it?",9,0
szvfpb,https://www.reddit.com/r/conspiracy/comments/szvfpb/wernher_von_braun_predicted_a_man_titled_elon/,forthemotherrussia,"Wernher Von Braun predicted a man titled 'Elon' would lead humans to Mars and crown himself 'Martian Emperor in his book called ''Mars Project'', 1953. Now this is the fucking conspiracy.","Von Braun is a Nazi scientist. He is the founder of NASA. 

Here is the PDF of that book: [https://www.wlym.com/archive/oakland/docs/MarsProject.pdf](https://www.wlym.com/archive/oakland/docs/MarsProject.pdf)

Here is the quote:  

''The martian government was directed by ten men, the leader of whom was elected by universal suffrage for five years and entitled **""Elon.""** two houses of parliament enacted the laws to be administered by the elon and his cabinet. "" page 177",32,149
t0di3o,https://www.youtube.com/watch?v=hgDA9c9nBIc,shenegamy,"NATO invading Libya in 2011... The society is forever stupid, blind, and biased.",,14,43
t0rskf,https://twitter.com/BioClandestine/status/1496935622560342017?s=20&t=1Wx4TXkuLlTy7eznhWoWag,LeavingColdSteelWife,Is Russia really fighting the deep state within Ukraine?,,18,0
t2ysnt,https://www.reddit.com/r/conspiracy/comments/t2ysnt/how_much_of_what_were_seeing_is_ukrainan/,Rustyshackleford2099,How much of what we're seeing is Ukrainan propaganda?,I want to see Ukraine win this and be their own free country but propaganda works both ways. What are we all seeing that is propaganda for the Ukraine?,20,0
t5247a,https://twitter.com/ali_vikki/status/1499027523430227969?s=20&t=ltEjd24EkKtKaopvQ6GMtA,BobcatWorking9026,Ukraine Reality vs Media narrative,,16,0
t3w6ji,https://i.redd.it/xnlsntiuhok81.png,Settlemente,"This worked out great for The Scarecrow, The Joker, and Bane.",,93,142
